{"cameraMode":{"drawMode":0,"name":"Shaded","section":"Shading Mode"},"sceneLighting":false,"audioPlay":false,"sceneViewState":{"showFog":false,"showMaterialUpdate":false,"showSkybox":false,"showFlares":false,"showImageEffects":false,"showParticleSystems":false},"in2DMode":false,"pivot":{"x":-2.401526689529419,"y":0.9907771348953247,"z":-7.5929999351501469},"rotation":{"x":-0.21438530087471009,"y":-0.6123979687690735,"z":0.17740510404109956,"w":-0.7399562001228333},"size":3.6077353954315187,"orthographic":true}