{"cameraMode":{"drawMode":0,"name":"Shaded","section":"Shading Mode"},"sceneLighting":false,"audioPlay":false,"sceneViewState":{"showFog":false,"showMaterialUpdate":false,"showSkybox":false,"showFlares":false,"showImageEffects":false,"showParticleSystems":false},"in2DMode":false,"pivot":{"x":-0.012526541948318482,"y":1.0062799453735352,"z":-7.5929999351501469},"rotation":{"x":0.1653592735528946,"y":-0.7216793894767761,"z":0.18466293811798097,"w":0.6463240385055542},"size":3.5044116973876955,"orthographic":true}