{"cameraMode":{"drawMode":0,"name":"Shaded","section":"Shading Mode"},"sceneLighting":false,"audioPlay":false,"sceneViewState":{"showFog":false,"showMaterialUpdate":false,"showSkybox":false,"showFlares":false,"showImageEffects":false,"showParticleSystems":false},"in2DMode":false,"pivot":{"x":1.1920928955078126e-7,"y":1.25,"z":-19.248699188232423},"rotation":{"x":0.03813089057803154,"y":0.20788182318210603,"z":-0.008093553595244885,"w":0.9773769974708557},"size":6.620349407196045,"orthographic":true}