{"cameraMode":{"drawMode":0,"name":"Shaded","section":"Shading Mode"},"sceneLighting":false,"audioPlay":false,"sceneViewState":{"showFog":false,"showMaterialUpdate":false,"showSkybox":false,"showFlares":false,"showImageEffects":false,"showParticleSystems":false},"in2DMode":false,"pivot":{"x":-2.401526689529419,"y":0.9907771348953247,"z":-7.5929999351501469},"rotation":{"x":-0.16702800989151,"y":-0.6300025582313538,"z":0.14119234681129456,"w":-0.7451598048210144},"size":3.6077353954315187,"orthographic":true}